Justin Stephens,uzuozgoh@lelko.me
Lena Brock,ogco@iniru.fr
Jeanette Sherman,fefopiig@ocutiwaj.ca
Victor Massey,elamido@dahecce.tv
Amy Morgan,be@bovoggi.ax
Rosie Allison,hamofra@nocukiif.cv
Dominic Rodriquez,le@in.org
Leonard Briggs,sovouci@ize.gn
Nina Maxwell,kebucop@calekhew.nz
Lucile Newman,jutvut@napbahec.cn
Louise Gray,mew@ugdo.lv
Carlos Martin,eje@rikfon.sd
Maggie Harrison,ahatmu@nime.fj
Sadie Griffith,ke@cim.bj
Seth Guerrero,vo@lofwo.om
Jesus Griffin,kud@viwi.at
Michael Obrien,suuzlun@jikajep.ky
Lenora Colon,do@ame.cl
Carlos Franklin,iptul@ejdiwi.ao
Andrew Huff,soju@rev.kn
Tony Pittman,kut@vunal.et
Albert Walton,ozo@wavnulmih.gq
Bruce Sharp,kafjo@kotpame.bs
Georgie Williams,pedcegke@piwde.mu
Harvey Garcia,illiden@bol.ai
Cory Taylor,ne@veibuuh.pt
Adeline Walters,zakrobof@magkadeh.kr
Amelia Clark,sut@pirirciz.vu
Marion Stewart,ked@leneb.iq
Mario Ramsey,ruzognac@waz.tv
Landon Arnold,nafu@civkaphaf.kw
Carolyn Nguyen,ote@cemagu.nr
Robert Cruz,helgakup@ucakaana.ad
Nellie Gutierrez,cicalda@omajehaz.aw
Matilda Miles,seh@ga.sj
Gary Figueroa,ojihu@ahci.re
Mittie Flowers,livemug@ucahij.do
Zachary Cruz,focogner@wenliv.ht
Ricardo Bass,uridowit@ekomuvo.eh
Elmer Roberson,dud@tidze.zm
Herman Alexander,ver@tec.td
Dylan Christensen,nihlalup@loniaho.er
Rose Townsend,huzsufuw@malevu.vn
Louis Walsh,tikap@gazic.mw
Connor Paul,hehcoboh@no.br
Dollie Singleton,cisu@laveg.se
Michael Colon,hularop@ezatucpa.ga
Lydia Romero,dat@tum.us
Kevin Morton,vantuf@wafvani.at
Carolyn Foster,kubitho@as.in
Hattie Figueroa,se@uvsor.ad
Myrtle Hanson,osdac@zamgi.mo
Lewis Collier,ki@zecigzi.gm
Della Matthews,ku@buzud.io
Nelle Williamson,wekeh@sezgiz.edu
Travis Richards,uv@danlu.lv
Carrie Carlson,nor@tu.cd
Estelle Woods,ci@bomew.vu
Rose Cobb,izmunak@pu.pr
Frank Kelly,ciisuaz@imnojure.ng
Harvey Lopez,mulul@bes.ne
Mattie Bishop,kupivoke@le.rs
Gregory Griffith,hib@levufoso.nz
Winnie Davis,etugub@kiler.er
Clara Richardson,ajokoip@budpivfuh.bq
Leah Cummings,vo@gih.ad
Herbert Potter,ode@ecosa.io
Jerome Hunter,gel@ose.vi
Nathaniel Bryan,zoopeno@jahkeuma.vg
Eliza Wells,okeewetu@ojmaglak.ki
Darrell Jordan,ukuuguvo@rajab.cr
Bryan Floyd,diazpu@hiko.kg
Connor Doyle,damvi@sisa.am
Gabriel Davis,jijmuv@tuduztem.li
Marcus Erickson,fe@sihiw.rw
Allen Reed,ah@cesize.gs
Teresa Peterson,bak@ovsahip.ad
Bobby McGee,az@sunuhu.ge
Rodney Patton,va@cif.bm
Amelia Taylor,jagefa@didaj.lr
Bobby Garner,zimi@hukrobij.fo
Derrick Bass,ucfa@sudibap.ki
Nina Patterson,kowwihja@johu.cy
Glen Wise,zuj@ku.ua
Ruby Hines,esigu@wisve.ke
Christian Hammond,dunu@kamru.cg
Blake Andrews,hannu@ifogefbi.dk
Janie Warren,gimehsi@ugagava.st
Dale Hughes,rir@nag.ne
Benjamin Ryan,kaf@vuwkaf.gp
Lilly Nelson,ijcu@ludlimhi.cg
Rosalie Harvey,taoghu@sevug.vu
Edwin Joseph,guri@zutsuju.id
Amanda Matthews,rodadis@jolvu.hn
Josephine Lindsey,rekti@pomuvmas.tm
Ida Byrd,ewvoc@omuaba.ke
Myrtie Santiago,ha@jagubzuh.hk
Elijah Mills,na@vimto.mm
Lela Paul,vivjutdil@huwma.ps
Shawn Murphy,gawijzov@ozi.tg
Adeline Chambers,isuude@somu.ao
Ruth Frazier,ar@leroze.ag
Samuel Adams,sa@or.kz
Scott Silva,weza@iteiso.cn
Jennie Ruiz,soraal@ti.np
Bruce Nichols,pipro@zim.mn
Josephine Williamson,on@owasinuv.tp
Devin Hart,eddac@caw.sa
Jeanette Matthews,hih@po.mu
Edward Jackson,jaworih@guvukisap.bo
Roy Rose,lusaswes@ezaav.org
Gavin Atkins,wepnihovi@ur.tr
Corey Wallace,zechitu@si.pr
Annie Wong,eruok@po.ve
Lois Tyler,asi@as.ly
Ora Bennett,tobwobmo@gu.hn
Winifred Chambers,alozoubo@fi.mh
Jason Ross,pimo@awuz.pk
Gerald Anderson,tu@powonzo.vc
Christine Garner,hucisge@deozehot.io
Mina Clark,tigewat@num.kh
Calvin Frank,hizwinpi@bimuhfo.ad
Rhoda Bishop,orcuir@pi.sm
Jeanette Hoffman,ci@ofcedoc.cl
Sylvia Henry,ecdimu@med.sx
Sallie Goodman,ricuune@soki.am
Melvin Knight,cuzevge@ew.dj
Inez Oliver,pu@ze.ht
Warren Hubbard,weifumi@zazolu.qa
Eugenia Vaughn,hijuj@uvisin.bj
Nancy Joseph,ro@zomopmiz.ng
Mario Bishop,evewu@jif.mg
Rose Doyle,lawwiufa@worci.ar
Florence Sims,romhogzu@gagef.ve
Donald Tucker,vunamjuj@lavlamel.hm
Marc Harmon,lizkowhuk@husmuar.cr
Marion Love,eratib@jud.mx
Derek Gross,ihuuj@pawlos.ec
Clifford Spencer,wiinaip@jaaho.ma
Ellen Franklin,zif@adefupefi.ml
Derrick Roberson,nucsintog@bub.cy
Joe Ballard,beafaci@ubcome.tj
Helen Norris,fas@ow.es
Dale Perez,oniunti@bateowi.bs
Andre Salazar,huf@gerammaz.kw
Lucile Burgess,sadowow@sambe.tz
Stanley Jenkins,waju@zoruma.sl
Dustin Becker,cehen@davuk.be
Rosalie McDaniel,hop@ovo.dk
Derek Holmes,awidewfi@if.nu
Mathilda Wong,molifol@papgeste.eu
Floyd Howell,mo@asekij.bo
Dennis Lawson,akda@sijeci.pw
Dale Dean,viorobep@macev.ng
Essie Baker,peazfad@fewob.ga
Leroy Fletcher,ziv@worfidfuz.cr
Helen Edwards,harjuzi@did.pl
Landon Wilkerson,laz@isiha.eg
Lulu Mason,kewhuznuv@negimzo.so
Thomas Vargas,aliufu@sedlahe.sb
Gordon Bradley,jo@lecdab.de
Steve Santiago,pe@uwecoh.lv
Georgia McDaniel,ic@iso.ls
Carrie Garcia,zone@eczoko.zw
Ola Henry,guz@cavnek.eg
Shawn Roy,ruclofzo@caobi.gl
Warren Bradley,wet@vugi.ml
Terry McGee,ju@retvid.ug
Katherine Atkins,rim@folokep.la
Adeline Paul,eno@jownomeh.ne
Luella Harrison,witzo@vatibki.sd
Richard Robertson,upudunal@gohrah.tl
Edith Estrada,mimopse@hetesde.my
Paul Santiago,muup@hefzu.pw
Douglas Norton,repzad@uhfu.ga
Lily Campbell,geg@petduozo.ye
Marian Estrada,kajreac@uh.sa
Loretta Carpenter,vogu@ebi.by
Aiden Gardner,in@kon.li
Lula Long,otepi@cu.fr
Timothy Perkins,dojonbe@funkeh.uk
Billy Harrington,rub@rese.fm
Cameron Johnston,veaf@we.hr
Myrtie Marsh,cuc@vu.km
Olivia Gomez,za@gazo.zw
Gertrude Wolfe,pev@jaz.am
Minerva Wheeler,fu@zu.pk
Clyde McCarthy,lahto@zillej.sl
Allen Vega,wocporho@refre.dz
Mayme Reese,car@hadusde.ac
Virginia Lowe,ita@oj.gw
Lizzie Lucas,as@ron.pf
Tony Weber,vozoj@sahu.sz
Dustin James,wotsa@milnapeg.de
Ricardo Bryant,tewah@ewojpi.mc
Flora Norris,sukoproj@nabzi.fj
John Hale,deduf@imofeh.ph
Alberta Woods,tede@nu.pl
Lee Wise,wiab@gokdowe.vu
William Strickland,rojozles@sih.cw
